state,links
Wisconsin,https://t.co/u6vSnEVT9D
Iowa,https://t.co/PGcKAcVw3J
Montana,https://t.co/hMPDlszXb8
South Dakota,https://t.co/rC9jDdRHqn
Maine,https://t.co/ZkXOqM2wGw
Idaho,https://t.co/Ne1jppp7VI
Missouri,https://t.co/lPq9F7aLQ6
Nebraska,https://t.co/EGiQQtdd2h
Oklahoma,https://t.co/mnBKIxYdlm
Alaska,https://t.co/2GuahLDouo
Kansas,https://t.co/0Wosq6c7a7
Michigan,https://t.co/C5PEGDqEkz
South Carolina,https://t.co/UmRg3LR28P
Vermont,https://t.co/1XZJQTNTfU
Connecticut,https://t.co/HbM9YuCy2u
Virginia,https://t.co/91zoEqB3X2
Louisiana,https://t.co/OoI8T20zwI
Georgia,https://t.co/CCarcR4TX1
Colorado,https://t.co/h8YUta693C
Utah,https://t.co/a6bJomAtle
Illinois,https://t.co/jrWx6tXRwZ
Oregon,https://t.co/iNCj60ppsR
Washington,https://t.co/BKJKGmvzw7
Texas,https://t.co/a3UVlfGaxN
California,https://t.co/LadSfMds24
New Jersey,https://t.co/7kZ07lMsEX
Delaware,https://t.co/YODLzibxXI
Ohio,https://t.co/Jg23NR79rd
Pennsylvania,https://t.co/3WVVsohb2e
North Carolina,https://t.co/mlGrUAa0q1
